DRIP & CO.  —  MASTER PRICE LIST,,,,,,
All prices in Philippine Peso (PHP). Transcribed from drip_co_menu.xlsx. Blank Large = item offered in one size only.,,,,,,
,,,,,,
Menu Board,Category,Sub-Category,Item / Flavor,Medium (PHP),Large (PHP),Notes
Board 1,Cà Phê Series,,Americano,₱38,₱48,
Board 1,Cà Phê Series,,Cà Phê Español,₱38,₱48,
Board 1,Cà Phê Series,,Iced Latte,₱38,₱48,
Board 1,Cà Phê Series,,Caramel Macchiato,₱38,₱48,
Board 1,Cà Phê Series,,Salted Caramel Latte,₱38,₱48,
Board 1,Cà Phê Series,,Oreo Latte,₱38,₱48,
Board 1,Cà Phê Series,,Dark Mocha Latte,₱38,₱48,
Board 1,Premium 45/55,,Matcha Fusion,₱45,₱55,
Board 1,Premium 45/55,,Strawberry Latte,₱45,₱55,
Board 1,Premium 45/55,,Salty Cream Latte,₱45,₱55,
Board 1,Premium 45/55,,Salty Cream Americano,₱45,₱55,
Board 1,Premium 45/55,,Ube Latte,₱45,₱55,
Board 1,Premium 50/60,,Cà Phê Sữa Đá,₱50,₱60,
Board 1,Premium 50/60,,Barista's Drink,₱50,₱60,
Board 1,Premium 50/60,,Sea Salt Latte,₱50,₱60,
Board 1,Premium 50/60,,Cinnamon Latte,₱50,₱60,
Board 1,Premium,,Dolce de Leche,₱55,₱65,
Board 1,Premium,,Velvet Cream Latte,₱55,₱65,
Board 1,Premium,,Mocha Latte,₱55,₱65,
Board 1,Premium,,White Mocha Latte,₱55,₱65,
Board 1,Premium,,Peanut Butter Latte,₱55,₱65,
Board 1,Premium,,Vanilla Sweet Cream,₱60,₱70,
Board 1,Premium,,Vienna Creamy Latte,₱60,₱70,
Board 1,Premium,,Toffee Nut Latte,₱60,₱70,
Board 1,Premium,,Almond Latte,₱60,₱70,
Board 1,Premium,,Nutella Latte,₱70,₱80,
Board 1,Premium,,Biscoff Latte,₱70,₱80,
Board 1,Milky Series,,Strawberry Milk,₱38,₱48,
Board 1,Milky Series,,Blueberry Milk,₱38,₱48,
Board 1,Milky Series,,Oreo Milk,₱38,₱48,
Board 1,Milky Series,,Swissmiss,₱38,₱48,
Board 1,Milky Series,,Strawberry Oreo,₱45,₱55,
Board 1,Milky Series,,Ube Milk,₱45,₱55,
Board 1,Milky Series,,Cocoa,₱55,₱65,
Board 1,Milky Series,,Sea Salt Cocoa,₱65,₱75,
Board 1,Milky Series,,Oreo Cocoa,₱65,₱75,
Board 1,Milky Series,,Milky Biscoff,₱65,₱75,
Board 1,Milky Series,,Milky Nutella,₱65,₱75,
Board 1,Featured / Promo,,Cà Phê Trứng (Egg Coffee),,₱88,Venti size
Board 1,Featured / Promo,,Tiramisu Matcha,,₱98,Venti size
