SEVEN COFFEE & TEA  —  MASTER PRICE LIST,,,,,,
All prices in Philippine Peso (PHP). Transcribed from the two menu boards. Blank Large = item offered in one size only.,,,,,,
,,,,,,
Menu Board,Category,Sub-Category,Item / Flavor,Medium (PHP),Large (PHP),Notes
Board 1,Iced Blended,Frappe Series,Dirty Avalanche,₱80,₱90,Coffee based
Board 1,Iced Blended,Frappe Series,Java Frappe,₱65,₱75,Coffee based
Board 1,Iced Blended,Frappe Series,Midnight Frappe,₱65,₱75,Coffee based
Board 1,Iced Blended,Frappe Series,Caramel Frappe,₱65,₱75,Coffee based
Board 1,Iced Blended,Frappe Series,Avalanche Biscoff,₱70,₱80,
Board 1,Iced Blended,Frappe Series,Matcha Green Tea,₱60,₱70,
Board 1,Iced Blended,Frappe Series,Oreo Upside Down Choco,₱60,₱70,
Board 1,Iced Blended,Frappe Series,Strawberry Ang Cream,₱60,₱70,
Board 1,Iced Blended,Frappe Series,Ma-Ube Frappe,₱60,₱70,
Board 1,Iced Blended,Frappe Series,Blueberry and Cream,₱60,₱70,
Board 1,Refresher,Fruit Tea,Fruit Tea - Green Apple,₱40,₱50,
Board 1,Refresher,Fruit Tea,Fruit Tea - Strawberry,₱40,₱50,
Board 1,Refresher,Fruit Tea,Fruit Tea - Mixed Berries,₱40,₱50,
Board 1,Refresher,Fruit Tea,Fruit Tea - Lychee,₱40,₱50,
Board 1,Refresher,Fruit Tea,Fruit Tea - Passion Fruit,₱40,₱50,
Board 1,Refresher,Fruit Tea,Fruit Tea - Orange,₱40,₱50,
Board 1,Refresher,Yakult,Yakult - Green Apple,₱55,₱65,
Board 1,Refresher,Yakult,Yakult - Strawberry,₱55,₱65,
Board 1,Refresher,Yakult,Yakult - Mixed Berries,₱55,₱65,
Board 1,Refresher,Yakult,Yakult - Lychee,₱55,₱65,
Board 1,Refresher,Yakult,Yakult - Passion Fruit,₱55,₱65,
Board 1,Refresher,Yakult,Yakult - Orange,₱55,₱65,
Board 1,Refresher,Soda,Soda - Green Apple,₱60,₱70,
Board 1,Refresher,Soda,Soda - Strawberry,₱60,₱70,
Board 1,Refresher,Soda,Soda - Mixed Berries,₱60,₱70,
Board 1,Refresher,Soda,Soda - Lychee,₱60,₱70,
Board 1,Refresher,Soda,Soda - Passion Fruit,₱60,₱70,
Board 1,Refresher,Soda,Soda - Orange,₱60,₱70,
Board 1,Milktea,Classic,Black Forest,₱40,₱50,
Board 1,Milktea,Classic,Red Velvet,₱40,₱50,
Board 1,Milktea,Classic,Matcha,₱40,₱50,
Board 1,Milktea,Classic,Taro,₱40,₱50,
Board 1,Milktea,Classic,Dark Chocolate,₱40,₱50,
Board 1,Milktea,Classic,Cookies & Cream,₱40,₱50,
Board 1,Milktea,Classic,Caramel Sugar,₱40,₱50,
Board 1,Milktea,Classic,Brown Sugar,₱40,₱50,
Board 1,Milktea,Classic,Wintermelon,₱40,₱50,
Board 1,Milktea,Classic,Chocolate,₱40,₱50,
Board 1,Milktea,Classic,Okinawa,₱40,₱50,
Board 1,Milktea,Classic,Mango,₱40,₱50,
Board 1,Milktea,Classic,Ube,₱40,₱50,
Board 1,Milktea,Cream Cheese,Red Velvet Cream Cheese,₱50,₱60,
Board 1,Milktea,Cream Cheese,Black Forest Cream Cheese,₱50,₱60,
Board 1,Milktea,Cream Cheese,Cookies & Cream Cream Cheese,₱50,₱60,
Board 1,Milktea,Cream Cheese,Taro Cream Cheese,₱50,₱60,
Board 1,Milktea,Cheesecake Milktea,Matcha CK,₱50,₱60,CK = Cheesecake
Board 1,Milktea,Cheesecake Milktea,Dark Chocolate CK,₱50,₱60,CK = Cheesecake
Board 1,Milktea,Cheesecake Milktea,Chocolate CK,₱50,₱60,CK = Cheesecake
Board 1,Milktea,Cheesecake Milktea,Okinawa CK,₱50,₱60,CK = Cheesecake
Board 1,Milktea,Cheesecake Milktea,Mango CK,₱50,₱60,CK = Cheesecake
Board 1,Milktea,Cheesecake Milktea,Wintermelon CK,₱50,₱60,CK = Cheesecake
Board 1,Fresh Lemonade,Fresh Lemonade,Lemonade,₱45,,One size only
Board 1,Fresh Lemonade,Fresh Lemonade,Tea Lemonade,₱45,,One size only
Board 1,Fresh Lemonade,Fresh Lemonade,Strawberry Lemonade,₱50,,One size only
Board 1,Fresh Lemonade,Fresh Lemonade,Green Apple Lemonade,₱50,,One size only
Board 1,Fresh Lemonade,Fresh Lemonade,Kalamansi Lemonade,₱60,,One size only
Board 1,Fresh Lemonade,Fresh Lemonade,Yakult Lemonade,₱60,,One size only
Board 1,Fresh Lemonade,Fresh Lemonade,Orange Lemonade,₱60,,One size only
Board 1,Fresh Lemonade,Fresh Lemonade,Cucumber Lemonade,₱60,,One size only
Board 1,Fresh Lemonade,Fresh Lemonade,Watermelon Lemonade,₱60,,One size only
Board 1,Fresh Lemonade,Fresh Lemonade,Honey Lemonade,₱60,,One size only
Board 2,Iced Coffee,Classic,Americano,₱38,₱48,
Board 2,Iced Coffee,Classic,Cafe Latte,₱38,₱48,
Board 2,Iced Coffee,Classic,Cafe Mocha,₱38,₱48,
Board 2,Iced Coffee,Classic,Mocha Almond,₱38,₱48,
Board 2,Iced Coffee,Classic,Caramel Macchiato,₱38,₱48,
Board 2,Iced Coffee,Classic,Hazelnut Macchiato,₱38,₱48,
Board 2,Iced Coffee,Classic,Salted Caramel,₱38,₱48,
Board 2,Iced Coffee,Classic,Spanish Latte,₱38,₱48,
Board 2,Iced Coffee,Classic,Vanilla Macchiato,₱38,₱48,
Board 2,Iced Coffee,Special Coffee,Salty Cream Coffee,₱45,₱55,
Board 2,Iced Coffee,Special Coffee,Vietnamese Coffee,₱45,₱55,
Board 2,Iced Coffee,Special Coffee,White Mocha,₱45,₱55,
Board 2,Iced Coffee,Special Coffee,Seven Coffee with Pearl,₱45,₱55,
Board 2,Iced Coffee,Special Coffee,Dirty Matcha,₱45,₱55,
Board 2,Iced Coffee,Special Coffee,Ube Espresso,₱45,₱55,
Board 2,Iced Coffee,Special Coffee,Avo Espresso,₱45,₱55,
Board 2,Iced Coffee,Special Coffee (Premium),Sea Salt Latte,₱50,₱60,Individually priced
Board 2,Iced Coffee,Special Coffee (Premium),Velvet Cream Latte,₱50,₱60,Individually priced
Board 2,Iced Coffee,Special Coffee (Premium),Cloud Caramel,₱55,₱65,Individually priced
Board 2,Iced Coffee,Special Coffee (Premium),Strawberry Espresso,₱55,₱65,Individually priced
Board 2,Iced Coffee,Special Coffee (Premium),Choc-Nut Latte,₱55,₱65,Individually priced
Board 2,Iced Coffee,Special Coffee (Premium),Cookie Butter Latte,₱65,₱75,Individually priced
Board 2,Iced Non-Coffee,Classic,Iced Choco,₱38,₱48,
Board 2,Iced Non-Coffee,Classic,Chocolate Almond,₱38,₱48,
Board 2,Iced Non-Coffee,Classic,Strawberry Pink,₱38,₱48,
Board 2,Iced Non-Coffee,Classic,Matcha Latte,₱38,₱48,
Board 2,Iced Non-Coffee,Classic,Ube Latte,₱38,₱48,
Board 2,Iced Non-Coffee,Classic,Avo Latte (Avocado),₱38,₱48,
Board 2,Iced Non-Coffee,Special Non-Coffee,Blueberry Milk,₱50,₱60,Individually priced
Board 2,Iced Non-Coffee,Special Non-Coffee,Choco Berry,₱50,₱60,Individually priced
Board 2,Iced Non-Coffee,Special Non-Coffee,Oreo Luxe,₱55,₱65,Individually priced
Board 2,Iced Non-Coffee,Special Non-Coffee,Oreo Milo Lava,₱55,₱65,Individually priced
Board 2,Iced Non-Coffee,Special Non-Coffee,Velvet Biscoff,₱65,₱75,Individually priced
Board 2,Iced Non-Coffee,Special Non-Coffee,Matcha Berry,₱50,₱60,Individually priced
Board 2,Iced Non-Coffee,Special Non-Coffee,Velvet Matcha,₱50,₱60,Individually priced
Board 2,Iced Non-Coffee,Special Non-Coffee,Birthday Matcha,₱55,₱65,Individually priced
Board 2,Iced Non-Coffee,Special Non-Coffee,Mango Matcha,₱60,₱70,Individually priced
Board 2,Iced Non-Coffee,Special Non-Coffee,Biscoff Matcha,₱65,₱75,Individually priced
Board 2,Hot Beverages,Hot Beverages,Americano,₱45,,Medium only
Board 2,Hot Beverages,Hot Beverages,Cafe Latte,₱45,,Medium only
Board 2,Hot Beverages,Hot Beverages,Cafe Mocha,₱45,,Medium only
Board 2,Hot Beverages,Hot Beverages,Caramel Macchiato,₱45,,Medium only
Board 2,Hot Beverages,Hot Beverages,Chocolate,₱45,,Medium only
Board 2,Hot Beverages,Hot Beverages,Hazelnut Macchiato,₱45,,Medium only
Board 2,Hot Beverages,Hot Beverages,Matcha Latte,₱45,,Medium only
Board 2,Hot Beverages,Hot Beverages,Salty Cream Coffee,₱45,,Medium only
Board 2,Hot Beverages,Hot Beverages,Spanish Latte,₱45,,Medium only
Board 2,Hot Beverages,Hot Beverages,Salted Caramel,₱45,,Medium only
Board 2,Hot Beverages,Hot Beverages,Vanilla Macchiato,₱45,,Medium only
Board 2,Hot Beverages,Hot Beverages,Vietnamese Coffee,₱45,,Medium only
Board 2,Salty Cream Series,Salty Cream Series,Salty Cream Coffee,₱45,₱55,Board shows 45/55 under the photo vs 50/60 series price - confirm with store
Board 2,Salty Cream Series,Salty Cream Series,Salty Cream Matcha,₱50,₱60,
Board 2,Salty Cream Series,Salty Cream Series,Salty Cream Ube,₱50,₱60,
Board 2,Salty Cream Series,Salty Cream Series,Salty Cream Taro,₱50,₱60,
Board 2,Salty Cream Series,Salty Cream Series,Salty Cream Chocolate,₱50,₱60,
,,,,,,
Total menu items listed,,,,116,,
Source: Seven Coffee & Tea menu board photos supplied by the user (2 images). Prices transcribed as printed.,,,,,,